Updated 10/04/26 at 03:24am,Position Rank,Position,Team,Value,Age,Rookie,SFPosition Rank,SFValue,RdrftPosition Rank,RdrftValue
Jaxon Smith-Njigba,WR1,WR,SEA,9999,24.6,No,WR1,9999,,0
Jahmyr Gibbs,RB1,RB,DET,9998.99,24.5,No,RB1,9991,,0
Bijan Robinson,RB2,RB,ATL,9991,24.7,No,RB2,9985,,0
Ja'Marr Chase,WR2,WR,CIN,9264,26.6,No,WR2,9120,,0
Amon-Ra St. Brown,WR3,WR,DET,8130,26.9,No,WR3,8025,,0
Brock Bowers,TE1,TE,LVR,8090,23.8,No,TE1,8079,,0
Josh Allen,QB1,QB,BUF,7824,30.4,No,QB1,9998.99,,0
Puka Nacua,WR4,WR,LAR,7645,25.4,No,WR4,7682,,0
Trey McBride,TE2,TE,ARI,7636,26.9,No,TE2,7580,,0
Ashton Jeanty,RB3,RB,LVR,7560,22.8,No,RB3,7482,,0
Jeremiyah Love,RB4,RB,ARI,7503,21.3,Yes,RB4,7331,,0
Kenneth Walker III,RB5,RB,KCC,7502,26.0,No,RB5,7257,,0
CeeDee Lamb,WR5,WR,DAL,7310,27.5,No,WR5,7281,,0
Justin Jefferson,WR6,WR,MIN,7291,27.3,No,WR6,7237,,0
2027 Early 1st,,PI,,7202,,,,7022,,0
Chris Olave,WR7,WR,NOS,7079,26.3,No,WR8,6780,,0
Jonathan Taylor,RB6,RB,IND,7040,27.7,No,RB6,6744,,0
Drake London,WR8,WR,ATL,7007,25.2,No,WR7,6791,,0
James Cook,RB7,RB,BUF,6966,27.0,No,RB7,6642,,0
Malik Nabers,WR9,WR,NYG,6873,23.2,No,WR9,6570,,0
Garrett Wilson,WR10,WR,NYJ,6534,26.2,No,WR10,6241,,0
Zay Flowers,WR11,WR,BAL,6513,26.1,No,WR11,6231,,0
Tetairoa McMillan,WR12,WR,CAR,6370,23.5,No,WR14,5994,,0
Parker Washington,WR13,WR,JAC,6354,24.5,No,WR13,6004,,0
Chase Brown,RB8,RB,CIN,6353,26.5,No,RB8,5804,,0
George Pickens,WR14,WR,DAL,6349,25.6,No,WR12,6050,,0
Lamar Jackson,QB2,QB,BAL,6332,29.7,No,QB2,7635,,0
Omarion Hampton,RB9,RB,LAC,6291,23.6,No,RB9,5747,,0
Tyler Warren,TE3,TE,IND,6221,24.4,No,TE3,5773,,0
Christian McCaffrey,RB10,RB,SFO,6213,30.3,No,RB10,5662,,0
Nico Collins,WR15,WR,HOU,6195,27.5,No,WR15,5808,,0
Breece Hall,RB11,RB,NYJ,6194,25.3,No,RB11,5524,,0
2027 Mid 1st,,PI,,6187,,,,5901,,0
Caleb Williams,QB3,QB,CHI,6141,24.9,No,QB3,7628,,0
DeVonta Smith,WR16,WR,PHI,6131,27.9,No,WR16,5656,,0
Ladd McConkey,WR17,WR,LAC,6012,24.9,No,WR18,5379,,0
Luther Burden,WR18,WR,CHI,5990,22.8,No,WR19,5245,,0
De'Von Achane,RB12,RB,MIA,5976,25.0,No,RB12,5483,,0
2028 Early 1st,,PI,,5963,,,,5496,,0
Emeka Egbuka,WR19,WR,TBB,5958,24.0,No,WR17,5424,,0
Kyren Williams,RB13,RB,LAR,5955,26.1,No,RB13,5188,,0
Colston Loveland,TE4,TE,CHI,5937,22.5,No,TE4,5294,,0
Tee Higgins,WR20,WR,CIN,5887,27.7,No,WR21,5164,,0
Christian Watson,WR21,WR,GBP,5872,27.4,No,WR20,5213,,0
Derrick Henry,RB14,RB,BAL,5835,32.7,No,RB14,5064,,0
Joe Burrow,QB4,QB,CIN,5761,29.8,No,QB4,6983,,0
Javonte Williams,RB15,RB,DAL,5721,26.4,No,RB15,4885,,0
Bucky Irving,RB16,RB,TBB,5709,24.1,No,RB16,4883,,0
Drake Maye,QB5,QB,NEP,5687,24.1,No,QB8,6489,,0
Matthew Golden,WR22,WR,GBP,5686.99,23.2,No,WR23,4937,,0
Quinshon Judkins,RB17,RB,CLE,5662,22.9,No,RB18,4861,,0
2027 Late 1st,,PI,,5655,,,,5043,,0
Carnell Tate,WR23,WR,TEN,5635,21.7,Yes,WR22,4944,,0
Saquon Barkley,RB18,RB,PHI,5608,29.6,No,RB17,4870,,0
Jordyn Tyson,WR24,WR,NOS,5572,22.1,Yes,WR24,4779,,0
Cam Skattebo,RB19,RB,NYG,5487,24.6,No,RB19,4761,,0
Bhayshul Tuten,RB20,RB,JAC,5485,23.6,No,RB20,4753,,0
Jayden Daniels,QB6,QB,WAS,5456,25.8,No,QB10,6023,,0
D'Andre Swift,RB21,RB,CHI,5442,27.7,No,RB22,4688,,0
Rashee Rice,WR25,WR,KCC,5431,26.4,No,WR26,4720,,0
TreVeyon Henderson,RB22,RB,NEP,5427,24.0,No,RB21,4725,,0
Denzel Boston,WR26,WR,CLE,5426,22.8,Yes,WR25,4727,,0
Jaylen Waddle,WR27,WR,DEN,5358,27.8,No,WR27,4611,,0
Harold Fannin,TE5,TE,CLE,5342,22.2,No,TE5,4686,,0
Jadarian Price,RB23,RB,SEA,5321,23.0,Yes,RB23,4580,,0
Brock Purdy,QB7,QB,SFO,5280,26.8,No,QB5,6903,,0
Trevor Lawrence,QB8,QB,JAC,5247,27.0,No,QB6,6750,,0
Tucker Kraft,TE6,TE,GBP,5246,25.9,No,TE7,4618,,0
Patrick Mahomes,QB9,QB,KCC,5245,31.0,No,QB7,6616,,0
2028 Mid 1st,,PI,,5244,,,,4584,,0
Jalen Coker,WR28,WR,CAR,5230,24.9,No,WR28,4585,,0
Jalen Hurts,QB10,QB,PHI,5211,28.2,No,QB11,5957,,0
2029 Early 1st,,PI,,5182,,,,4566,,0
Kenyon Sadiq,TE7,TE,NYJ,5165,21.6,Yes,TE6,4654,,0
A.J. Brown,WR29,WR,NEP,5156,29.3,No,WR29,4456,,0
Sam LaPorta,TE8,TE,DET,5147,25.7,No,TE9,4403,,0
Dalton Kincaid,TE9,TE,BUF,5083,27.0,No,TE8,4420,,0
KC Concepcion,WR30,WR,CLE,5038,22.0,Yes,WR30,4303,,0
Rome Odunze,WR31,WR,CHI,4915,24.3,No,WR31,4254,,0
Michael Wilson,WR32,WR,ARI,4898,26.6,No,WR32,4222,,0
Jameson Williams,WR33,WR,DET,4826,25.5,No,WR33,4126,,0
2028 Late 1st,,PI,,4820,,,,4255,,0
Justin Herbert,QB11,QB,LAC,4803,28.6,No,QB14,5399,,0
Makai Lemon,WR34,WR,PHI,4795,22.3,Yes,WR34,4106,,0
Jaxson Dart,QB12,QB,NYG,4729,23.4,No,QB12,5522,,0
Chuba Hubbard,RB24,RB,CAR,4707,27.3,No,RB24,3942,,0
2029 Mid 1st,,PI,,4664,,,,4102,,0
Tyler Shough,QB13,QB,NOS,4621,27.0,No,QB9,6053,,0
Davante Adams,WR35,WR,LAR,4619,33.8,No,WR35,3935,,0
Dak Prescott,QB14,QB,DAL,4591,33.2,No,QB15,5385,,0
Bo Nix,QB15,QB,DEN,4584,26.6,No,QB13,5457,,0
Josh Downs,WR36,WR,IND,4581,25.1,No,WR36,3900,,0
D.J. Moore,WR37,WR,BUF,4556,29.5,No,WR37,3814,,0
2027 Early 2nd,,PI,,4553,,,,3890,,0
Jordan Addison,WR38,WR,MIN,4473,24.7,No,WR38,3745,,0
Isaiah Likely,TE10,TE,NYG,4446,26.5,No,TE10,3805,,0
George Kittle,TE11,TE,SFO,4426,33.0,No,TE11,3746,,0
Fernando Mendoza,QB16,QB,LVR,4418,23.0,Yes,QB17,5324,,0
Jaylen Warren,RB25,RB,PIT,4412,27.9,No,RB25,3619,,0
Blake Corum,RB26,RB,LAR,4369,25.8,No,RB26,3538,,0
Travis Etienne,RB27,RB,NOS,4332,27.7,No,RB28,3463,,0
De'Zhaun Stribling,WR39,WR,SFO,4326,23.8,Yes,WR39,3550,,0
2029 Late 1st,,PI,,4322,,,,3802,,0
David Montgomery,RB28,RB,HOU,4321.99,29.3,No,RB29,3419,,0
Kyle Monangai,RB29,RB,CHI,4292,24.3,No,RB27,3502,,0
Jordan Love,QB17,QB,GBP,4291,27.9,No,QB18,4930,,0
Jonah Coleman,RB30,RB,DEN,4237,23.1,Yes,RB30,3413,,0
Alec Pierce,WR40,WR,IND,4206,26.4,No,WR40,3467,,0
2027 Mid 2nd,,PI,,4205,,,,3524,,0
Marvin Harrison Jr.,WR41,WR,ARI,4198,24.1,No,WR42,3316,,0
Brian Thomas Jr.,WR42,WR,JAC,4181,24.0,No,WR41,3359,,0
Zach Charbonnet,RB31,RB,SEA,4132,25.7,No,RB31,3286,,0
Terry McLaurin,WR43,WR,WAS,4118,31.0,No,WR44,3260,,0
Omar Cooper Jr.,WR44,WR,NYJ,4088,22.8,Yes,WR45,3257,,0
Kyle Pitts,TE12,TE,ATL,4084,26.0,No,TE12,3270,,0
Jared Goff,QB18,QB,DET,4068,32.0,No,QB19,4663,,0
RJ Harvey,RB32,RB,DEN,4064,25.7,No,RB32,3237,,0
Antonio Williams,WR45,WR,WAS,4052,22.2,Yes,WR46,3203,,0
Chris Bell,WR46,WR,MIA,4046,22.3,Yes,WR47,3201,,0
2028 Early 2nd,,PI,,4008,,,,3282,,0
Mike Evans,WR47,WR,SFO,4007.99,33.1,No,WR43,3262,,0
Kaelon Black,RB33,RB,SFO,3994,25.0,Yes,RB33,3182,,0
DK Metcalf,WR48,WR,PIT,3993,28.8,No,WR49,3141,,0
Terrance Ferguson,TE13,TE,LAR,3982,23.6,No,TE13,3202,,0
Jacory Croskey-Merritt,RB34,RB,WAS,3964,25.5,No,RB35,3146,,0
2027 Late 2nd,,PI,,3957,,,,3223,,0
Caleb Douglas,WR49,WR,MIA,3949,23.1,Yes,WR48,3152,,0
Emmett Johnson,RB35,RB,KCC,3933,23.0,Yes,RB36,3145.99,,0
Ja'Kobi Lane,WR50,WR,BAL,3903,22.2,Yes,WR52,3120,,0
Bryce Young,QB19,QB,CAR,3893,25.2,No,QB16,5375,,0
Xavier Worthy,WR51,WR,KCC,3854,23.4,No,WR51,3125,,0
Adonai Mitchell,WR52,WR,NYJ,3844,24.0,No,WR50,3137,,0
Matthew Stafford,QB20,QB,LAR,3835,38.6,No,QB23,3626,,0
2028 Mid 2nd,,PI,,3809,,,,3113,,0
Baker Mayfield,QB21,QB,TBB,3803,31.5,No,QB22,3658,,0
Braelon Allen,RB36,RB,NYJ,3798,22.7,No,RB34,3161,,0
C.J. Stroud,QB22,QB,HOU,3790,25.0,No,QB21,4234,,0
Rhamondre Stevenson,RB37,RB,NEP,3784,28.6,No,RB37,3038,,0
Jake Ferguson,TE14,TE,DAL,3765,27.7,No,TE14,3095,,0
Josh Jacobs,RB38,RB,GBP,3759,28.6,No,RB40,2953,,0
Dontayvion Wicks,WR53,WR,PHI,3746,25.3,No,WR53,3093,,0
Cam Ward,QB23,QB,TEN,3745,24.4,No,QB25,3501,,0
Mike Washington Jr.,RB39,RB,LVR,3738,23.2,Yes,RB38,2992,,0
Juwan Johnson,TE15,TE,NOS,3724,30.0,No,TE15,3090,,0
Jayden Higgins,WR54,WR,HOU,3718,23.8,No,WR54,3037.99,,0
Malachi Fields,WR55,WR,NYG,3712,23.1,Yes,WR56,2962,,0
Sam Darnold,QB24,QB,SEA,3687,29.3,No,QB20,4348,,0
Wan'Dale Robinson,WR56,WR,TEN,3680,25.7,No,WR57,2921,,0
Pat Bryant,WR57,WR,DEN,3661,23.8,No,WR55,3021,,0
Travis Kelce,TE16,TE,KCC,3623,37.0,No,TE16,2965,,0
Ollie Gordon,RB40,RB,MIA,3619,22.7,No,RB39,2970,,0
Woody Marks,RB41,RB,HOU,3609,25.8,No,RB41,2879,,0
2029 Early 2nd,,PI,,3574,,,,3018,,0
Quentin Johnston,WR58,WR,LAC,3567,25.1,No,WR62,2805,,0
Stefon Diggs,WR59,WR,WAS,3561,32.8,No,WR58,2856,,0
Oronde Gadsden,TE17,TE,LAC,3542,23.3,No,TE17,2878,,0
J.K. Dobbins,RB42,RB,DEN,3541,27.8,No,RB42,2807,,0
Kyler Murray,QB25,QB,MIN,3531,29.2,No,QB28,3452,,0
Khalil Shakir,WR60,WR,BUF,3501,26.7,No,WR64,2789,,0
Tre Tucker,WR61,WR,LVR,3497,25.6,No,WR63,2801,,0
Jakobi Meyers,WR62,WR,JAC,3494,29.9,No,WR59,2839,,0
Deebo Samuel,WR63,WR,SFO,3483,30.7,No,WR60,2838.99,,0
Jordan Mason,RB43,RB,MIN,3480,27.4,No,RB43,2788.99,,0
Jayden Reed,WR64,WR,GBP,3479,26.4,No,WR68,2746,,0
2028 Late 2nd,,PI,,3472,,,,2975,,0
Ted Hurst,WR65,WR,TBB,3471,22.2,Yes,WR61,2819,,0
Jonathon Brooks,RB44,RB,CAR,3463,23.2,No,RB44,2738,,0
Brenton Strange,TE18,TE,JAC,3444,25.8,No,TE18,2797,,0
Germie Bernard,WR66,WR,PIT,3432,22.8,Yes,WR67,2756,,0
Malik Washington,WR67,WR,MIA,3399,25.7,No,WR65,2788,,0
Michael Pittman,WR68,WR,PIT,3384,29.0,No,WR70,2674,,0
Romeo Doubs,WR69,WR,NEP,3362,26.5,No,WR71,2652,,0
Malik Willis,QB26,QB,MIA,3348,27.4,No,QB29,3261,,0
Rico Dowdle,RB45,RB,PIT,3343,28.3,No,RB48,2635,,0
2029 Mid 2nd,,PI,,3341,,,,2822,,0
Ty Simpson,QB27,QB,LAR,3334,23.8,Yes,QB26,3500,,0
Eli Stowers,TE19,TE,PHI,3310,23.5,Yes,TE19,2752,,0
Dallas Goedert,TE20,TE,PHI,3309,31.8,No,TE20,2712,,0
Chris Godwin,WR70,WR,TBB,3305,30.6,No,WR73,2624,,0
Tony Pollard,RB46,RB,TEN,3302,29.4,No,RB47,2669,,0
Devaughn Vele,WR71,WR,NOS,3294,28.8,No,WR66,2770,,0
Tyler Allgeier,RB47,RB,ARI,3287,26.5,No,RB53,2581,,0
Courtland Sutton,WR72,WR,DEN,3284,31.0,No,WR72,2626,,0
Aaron Jones,RB48,RB,MIN,3282,31.8,No,RB46,2682,,0
Tre Harris,WR73,WR,LAC,3262,24.6,No,WR69,2681.99,,0
Keaton Mitchell,RB49,RB,LAC,3259,24.7,No,RB45,2696,,0
Nicholas Singleton,RB50,RB,TEN,3244,22.7,Yes,RB49,2605,,0
Daniel Jones,QB28,QB,IND,3233,29.4,No,QB24,3540,,0
Tank Bigsby,RB51,RB,PHI,3224,25.1,No,RB50,2601,,0
Rachaad White,RB52,RB,WAS,3199,27.7,No,RB52,2598,,0
Keon Coleman,WR74,WR,BUF,3174,23.4,No,WR74,2623,,0
Dalton Schultz,TE21,TE,HOU,3169,30.2,No,TE21,2627,,0
AJ Barner,TE22,TE,SEA,3147,24.4,No,TE22,2622.99,,0
Ricky Pearsall,WR75,WR,SFO,3135,26.1,No,WR75,2597,,0
Kenneth Gainwell,RB53,RB,TBB,3126,27.6,No,RB55,2490,,0
Zachariah Branch,WR76,WR,ATL,3123,22.5,Yes,WR78,2496,,0
Mark Andrews,TE23,TE,BAL,3116,31.1,No,TE23,2557,,0
2027 Early 3rd,,PI,,3111,,,,2657,,0
Kayshon Boutte,WR77,WR,HOU,3102,24.4,No,WR79,2495,,0
Cyrus Allen,WR78,WR,KCC,3080,23.6,Yes,WR84,2238,,0
T.J. Hockenson,TE24,TE,MIN,3036,29.2,No,TE27,2455,,0
2029 Late 2nd,,PI,,3018,,,,2661,,0
Jalen McMillan,WR79,WR,TBB,3017.99,24.8,No,WR80,2461,,0
Tyjae Spears,RB54,RB,TEN,3004,25.3,No,RB57,2392,,0
Dylan Sampson,RB55,RB,CLE,2995,22.0,No,RB56,2456,,0
Brian Robinson,RB56,RB,ATL,2991,27.5,No,RB54,2525,,0
Michael Mayer,TE25,TE,LVR,2980,25.2,No,TE24,2534,,0
Jaylin Noel,WR80,WR,HOU,2959,24.1,No,WR81,2455.99,,0
Jaylen Wright,RB57,RB,MIA,2955,23.5,No,RB51,2599,,0
Eli Raridon,TE26,TE,NEP,2954.99,22.6,Yes,TE25,2494.99,,0
MarShawn Lloyd,RB58,RB,GBP,2941,25.7,No,RB62,2150,,0
Michael Penix Jr.,QB29,QB,ATL,2929,26.4,No,QB27,3498,,0
2027 Mid 3rd,,PI,,2919,,,,2533.99,,0
Chris Rodriguez,RB59,RB,JAC,2916,26.0,No,RB59,2257,,0
Isaac TeSlaa,WR81,WR,DET,2912,24.6,No,WR82,2446,,0
Rashid Shaheed,WR82,WR,SEA,2903,28.1,No,WR83,2436,,0
Kaytron Allen,RB60,RB,WAS,2882,23.7,Yes,RB60,2189,,0
Pat Freiermuth,TE27,TE,PIT,2878,27.9,No,TE26,2493,,0
Tory Horton,WR83,WR,SEA,2867,23.8,No,WR85,2196,,0
2028 Early 3rd,,PI,,2849,,,,2466,,0
Rashod Bateman,WR84,WR,BAL,2845,26.8,No,WR77,2508,,0
Kaleb Johnson,RB61,RB,GBP,2820,23.1,No,RB61,2175,,0
Jack Bech,WR85,WR,LVR,2819,23.8,No,WR86,2194,,0
2027 Late 3rd,,PI,,2800,,,,2499,,0
Travis Hunter,WR86,WR,JAC,2793,23.4,No,WR87,2187,,0
Troy Franklin,WR87,WR,DEN,2791,23.6,No,WR88,2171,,0
Roman Wilson,WR88,WR,PIT,2777,25.3,No,WR76,2559,,0
Elijah Sarratt,WR89,WR,BAL,2762,23.4,Yes,WR91,2151,,0
Chigoziem Okonkwo,TE28,TE,WAS,2746,27.1,No,TE29,2180,,0
Tank Dell,WR90,WR,HOU,2745,26.9,No,WR92,2141,,0
Demond Claiborne,RB62,RB,MIN,2730,23.0,Yes,RB63,2130,,0
Kendre Miller,RB63,RB,NOS,2727,24.3,No,RB58,2356,,0
Gunnar Helm,TE29,TE,TEN,2725,24.1,No,TE30,2164,,0
2028 Mid 3rd,,PI,,2714,,,,2379,,0
Elic Ayomanor,WR91,WR,TEN,2691,23.3,No,WR89,2165,,0
Chris Brazzell II,WR92,WR,CAR,2674,22.9,Yes,WR93,2107,,0
Demario Douglas,WR93,WR,NEP,2636,25.8,No,WR97,2049,,0
Jalen Nailor,WR94,WR,LVR,2630,27.6,No,WR94,2094,,0
Hunter Henry,TE30,TE,NEP,2629,31.8,No,TE28,2190,,0
Cade Otton,TE31,TE,TBB,2628.99,27.5,No,TE31,2127,,0
Mason Taylor,TE32,TE,NYJ,2619,22.4,No,TE34,2042,,0
Kyle Williams,WR95,WR,NEP,2607,23.9,No,WR98,2047,,0
Kevin Coleman,WR96,WR,MIA,2601,23.1,Yes,WR96,2061,,0
Ryan Flournoy,WR97,WR,DAL,2597,26.9,No,WR95,2076,,0
Elijah Arroyo,TE33,TE,SEA,2596,23.5,No,TE33,2044,,0
Xavier Hutchinson,WR98,WR,HOU,2592,26.3,No,WR90,2150.99,,0
Skyler Bell,WR99,WR,BUF,2583,24.2,Yes,WR99,2045,,0
Alvin Kamara,RB64,RB,NOS,2565,31.2,No,RB64,2105,,0
Zavion Thomas,WR100,WR,CHI,2527,22.6,Yes,WR100,2014,,0
Kimani Vidal,RB65,RB,LAC,2516,25.1,No,RB66,1981,,0
2029 Early 3rd,,PI,,2512,,,,2160,,0
Sean Tucker,RB66,RB,TBB,2505,24.9,No,RB70,1898,,0
Max Klare,TE34,TE,LAR,2497,23.2,Yes,TE35,2037,,0
Tez Johnson,WR101,WR,TBB,2496.99,24.4,No,WR101,1980.99,,0
Bryce Lance,WR102,WR,NOS,2492,24.1,Yes,WR104,1950,,0
Jordan James,RB67,RB,SFO,2487,22.5,No,RB73,1857,,0
2028 Late 3rd,,PI,,2483,,,,2153,,0
Darnell Washington,TE35,TE,PIT,2465,25.1,No,TE32,2062,,0
Raheim Sanders,RB68,RB,CLE,2443,24.3,No,RB65,2022,,0
Cole Kmet,TE36,TE,CHI,2436,27.6,No,TE36,2013.99,,0
Jerry Jeudy,WR103,WR,CLE,2432,27.4,No,WR106,1904,,0
Oscar Delp,TE37,TE,NOS,2431,23.2,Yes,TE40,1903.99,,0
Chimere Dike,WR104,WR,TEN,2419,24.8,No,WR105,1947,,0
Adam Randall,RB69,RB,BAL,2412,22.2,Yes,RB69,1906,,0
Jauan Jennings,WR105,WR,MIN,2410,29.2,No,WR107,1871,,0
Colby Parkinson,TE38,TE,LAR,2399,27.7,No,TE37,1963,,0
Greg Dulcich,TE39,TE,MIA,2391,26.5,No,TE38,1942,,0
2029 Mid 3rd,,PI,,2385,,,,2096,,0
Jaylin Lane,WR106,WR,WAS,2384,24.4,No,WR102,1980.98,,0
Tyquan Thornton,WR107,WR,KCC,2382,26.2,No,WR103,1973,,0
Seth McGowan,RB70,RB,IND,2380,24.9,Yes,RB72,1869,,0
Isaiah Davis,RB72,RB,NYJ,2373,24.6,No,RB71,1888,,0
Ray Davis,RB71,RB,BUF,2372.99,26.9,No,RB74,1841,,0
George Holani,RB73,RB,SEA,2370,26.8,No,RB68,1907,,0
Emanuel Wilson,RB74,RB,SEA,2355,27.4,No,RB67,1974,,0
Shedeur Sanders,QB30,QB,CLE,2319,24.6,No,QB38,2327,,0
Evan Engram,TE40,TE,DEN,2301,32.1,No,TE39,1913,,0
Trevor Etienne,RB75,RB,CAR,2295,22.2,No,RB75,1812,,0
Marvin Mims,WR108,WR,DEN,2285,24.5,No,WR108,1859,,0
2027 Early 4th,,PI,,2282,,,,1983,,0
Isaiah Bond,WR109,WR,CLE,2256,22.6,No,WR113,1733,,0
Jacoby Brissett,QB31,QB,ARI,2250,33.8,No,QB30,2648,,0
LeQuint Allen,RB76,RB,JAC,2247,22.2,No,RB76,1771,,0
Theo Johnson,TE41,TE,NYG,2245,25.6,No,TE44,1724,,0
Jalen Royals,WR110,WR,KCC,2243,23.6,No,WR111,1816,,0
Xavier Legette,WR111,WR,CAR,2240,25.7,No,WR109,1824,,0
2029 Late 3rd,,PI,,2239,,,,1949.99,,0
Mike Gesicki,TE42,TE,CIN,2238.99,31.0,No,TE42,1886,,0
2027 Mid 4th,,PI,,2230,,,,1890,,0
Darren Waller,TE43,TE,CAR,2222,34.0,No,TE41,1900,,0
Keenan Allen,WR112,WR,IND,2221.99,34.4,No,WR114,1731,,0
Tyrone Tracy,RB77,RB,NYG,2206,26.9,No,RB78,1710,,0
Joshua Palmer,WR113,WR,BUF,2187,27.0,No,WR110,1823,,0
Dawson Knox,TE44,TE,BUF,2183,29.9,No,TE43,1858,,0
Will Shipley,RB78,RB,PHI,2173,24.1,No,RB77,1753,,0
Jalon Daniels,QB32,QB,TBB,2168,23.9,Yes,QB36,2381,,0
David Njoku,TE45,TE,LAC,2150,30.2,No,TE45,1715,,0
DJ Giddens,RB79,RB,IND,2133,23.1,No,RB81,1647,,0
Cooper Kupp,WR114,WR,SEA,2108,33.3,No,WR112,1782,,0
Dont'e Thornton,WR115,WR,LVR,2107,23.8,No,WR120,1632,,0
2028 Early 4th,,PI,,2095,,,,1814,,0
Chris Brooks,RB80,RB,GBP,2073,26.7,No,RB84,1610,,0
Barion Brown,WR116,WR,NOS,2069,22.8,Yes,WR118,1658,,0
Isiah Pacheco,RB81,RB,DET,2061,27.6,No,RB79,1661,,0
Brashard Smith,RB82,RB,KCC,2057,23.5,No,RB82,1642,,0
Darnell Mooney,WR117,WR,NYG,2036,28.9,No,WR119,1644,,0
Eli Heidenreich,RB83,RB,PIT,2028,23.3,Yes,RB80,1649,,0
Konata Mumpfield,WR118,WR,LAR,2027,23.9,No,WR117,1673,,0
Justice Hill,RB84,RB,BAL,2026,28.9,No,RB83,1620,,0
2027 Late 4th,,PI,,2024,,,,1832,,0
Jalen Milroe,QB33,QB,SEA,1993,23.8,No,QB43,1965,,0
Malik Benson,WR119,WR,LVR,1976,24.0,Yes,WR124,1549,,0
Trey Benson,RB85,RB,ARI,1975,24.2,No,RB85,1562,,0
Brenen Thompson,WR120,WR,LAC,1959,23.2,Yes,WR121,1613,,0
J.J. McCarthy,QB34,QB,NYG,1956,23.7,No,QB39,2315,,0
Kalif Raymond,WR121,WR,CHI,1951,32.2,No,WR115,1722,,0
Jahan Dotson,WR122,WR,ATL,1938,26.5,No,WR123,1555,,0
2028 Mid 4th,,PI,,1936,,,,1619,,0
Jake Tonges,TE46,TE,SFO,1934,27.2,No,TE46,1570,,0
Mac Jones,QB35,QB,SFO,1913,28.1,No,QB37,2380,,0
Carson Beck,QB36,QB,ARI,1906,24.9,Yes,QB33,2537,,0
Mack Hollins,WR123,WR,NEP,1893,33.0,No,WR116,1672.99,,0
Malik Davis,RB86,RB,DAL,1886,27.8,No,RB86,1510,,0
Kendrick Bourne,WR124,WR,ARI,1876,31.2,No,WR122,1590,,0
Christian Kirk,WR125,WR,SFO,1856,29.9,No,WR125,1477,,0
Noah Fant,TE47,TE,NOS,1854,28.9,No,TE47,1556,,0
Najee Harris,RB87,RB,NYG,1847,28.6,No,RB88,1431,,0
Ja'Tavion Sanders,TE48,TE,CAR,1843,23.5,No,TE48,1491,,0
Roschon Johnson,RB88,RB,CHI,1837,25.7,No,RB90,1388,,0
2029 Early 4th,,PI,,1822,,,,1602,,0
Noah Gray,TE49,TE,KCC,1802,27.4,No,TE49,1482,,0
Ben Sinnott,TE50,TE,WAS,1801,24.3,No,TE50,1417,,0
Geno Smith,QB37,QB,NYJ,1794,36.0,No,QB34,2521,,0
Devontez Walker,WR126,WR,BAL,1792,25.3,No,WR126,1472,,0
Tua Tagovailoa,QB38,QB,ATL,1785,28.6,No,QB47,1776,,0
Anthony Richardson,QB39,QB,IND,1780,24.4,No,QB46,1795,,0
Andrei Iosivas,WR127,WR,CIN,1776,27.0,No,WR128,1395,,0
Devin Singletary,RB89,RB,NYG,1772,29.1,No,RB87,1495,,0
Tahj Brooks,RB90,RB,CIN,1771.99,24.4,No,RB92,1310,,0
Savion Williams,WR128,WR,GBP,1759,24.9,No,WR130,1376,,0
Kirk Cousins,QB40,QB,LVR,1751,38.1,No,QB31,2615,,0
Jarquez Hunter,RB91,RB,MIA,1747,23.8,No,RB93,1285,,0
Luke Musgrave,TE51,TE,GBP,1735,26.1,No,TE54,1375.99,,0
Treylon Burks,WR129,WR,WAS,1722,26.5,No,WR129,1390,,0
Justin Joly,TE52,TE,MIA,1706,22.2,Yes,TE51,1416,,0
2029 Mid 4th,,PI,,1700,,,,1397,,0
Josh Cameron,WR130,WR,JAC,1695,23.5,Yes,WR127,1469,,0
Deion Burks,WR131,WR,IND,1692,23.7,Yes,WR133,1336,,0
Jordan Whittington,WR132,WR,LAR,1691,26.0,No,WR132,1355,,0
2028 Late 4th,,PI,,1682,,,,1480,,0
Sione Vaki,RB92,RB,DET,1668,25.2,No,RB89,1424,,0
Tutu Atwell,WR133,WR,LAR,1664,27.0,No,WR138,1303,,0
Luke McCaffrey,WR134,WR,WAS,1662,25.5,No,WR139,1280,,0
Justin Fields,QB41,QB,KCC,1661,27.6,No,QB51,1551,,0
Jalen Tolbert,WR135,WR,MIA,1660.99,27.6,No,WR137,1308,,0
Tyler Higbee,TE53,TE,LAR,1651,33.8,No,TE53,1389,,0
Jaydon Blue,RB93,RB,PHI,1645,22.7,No,RB95,1248,,0
John Metchie,WR136,WR,CAR,1628,26.2,No,WR135,1320,,0
Emari Demercado,RB94,RB,DAL,1623,27.7,No,RB91,1340,,0
Matthew Hibner,TE54,TE,BAL,1597,24.6,Yes,TE52,1398,,0
Jordan Watkins,WR137,WR,SFO,1576,24.6,No,WR134,1325,,0
Cade Klubnik,QB42,QB,NYJ,1574,23.0,Yes,QB45,1931,,0
Jahdae Walker,WR138,WR,CHI,1573.99,24.2,No,WR131,1372,,0
James Conner,RB95,RB,ARI,1558,31.4,No,RB98,1202,,0
Charlie Kolar,TE55,TE,LAC,1556,27.6,No,TE55,1307.99,,0
Erick All,TE56,TE,CIN,1550,26.0,No,TE57,1265,,0
Dyami Brown,WR139,WR,WAS,1548,26.9,No,WR142,1229,,0
KeAndre Lambert-Smith,WR140,WR,LAC,1537,25.0,No,WR148,1182,,0
Ty Johnson,RB96,RB,BUF,1532,29.0,No,RB94,1281,,0
Will Howard,QB43,QB,PIT,1530,25.0,No,QB50,1670,,0
Colbie Young,WR141,WR,CIN,1529.99,24.2,Yes,WR136,1309,,0
Marlin Klein,TE57,TE,HOU,1527,24.0,Yes,TE56,1277,,0
Zach Ertz,TE58,TE,PHI,1525,35.9,No,TE58,1261,,0
2029 Late 4th,,PI,,1516,,,,1241,,0
Olamide Zaccheaus,WR142,WR,ATL,1510,29.2,No,WR143,1227,,0
Calvin Ridley,WR143,WR,TEN,1506,31.8,No,WR150,1152,,0
Tommy Tremble,TE59,TE,CAR,1499,26.3,No,TE59,1233,,0
Tai Felton,WR144,WR,MIN,1498,23.6,No,WR145,1215,,0
Aaron Rodgers,QB44,QB,PIT,1497,42.8,No,QB42,2043.99,,0
Kameron Johnson,WR145,WR,TBB,1496.99,24.6,No,WR140,1251,,0
Cedric Tillman,WR146,WR,NOS,1495,26.4,No,WR141,1230,,0
Trey Palmer,WR147,WR,NOS,1481,25.5,No,WR146,1206,,0
Samaje Perine,RB97,RB,CIN,1473,31.0,No,RB97,1211,,0
Malachi Corley,WR148,WR,CLE,1472,24.5,No,WR149,1163,,0
Jacob Cowing,WR149,WR,SFO,1470,25.7,No,WR147,1201.99,,0
Jameis Winston,QB45,QB,NYG,1460,32.7,No,QB48,1766,,0
Jimmy Horn,WR150,WR,CLE,1450,24.0,No,WR152,1131,,0
Jacob Saylors,RB98,RB,DET,1431,25.6,No,RB96,1238,,0
Audric Estime,RB99,RB,MIN,1428,23.1,No,RB103,1114,,0
Cade Stover,TE60,TE,HOU,1418,26.3,No,TE60,1204,,0
J'Mari Taylor,RB100,RB,JAC,1402,24.6,Yes,RB99,1150,,0
Daniel Bellinger,TE61,TE,TEN,1393,26.0,No,TE62,1169,,0
Devin Neal,RB101,RB,MIN,1392.99,23.1,No,RB104,1052,,0
Isaac Guerendo,RB102,RB,SFO,1390,26.3,No,RB101,1133,,0
CJ Daniels,WR151,WR,LAR,1389.99,24.7,Yes,WR151,1132,,0
Joe Milton,QB46,QB,DAL,1381,26.6,No,QB53,1419,,0
Rasheen Ali,RB104,RB,BAL,1368,25.6,No,RB100,1135,,0
Jaleel McLaughlin,RB103,RB,CLE,1367.99,26.0,No,RB102,1126,,0
Jonathan Mingo,WR152,WR,DAL,1364,25.4,No,WR155,1074,,0
Skyy Moore,WR153,WR,GBP,1363,26.1,No,WR144,1220,,0
Tyreek Hill,WR154,WR,FA,1347,32.6,No,WR157,1063,,0
Jack Endries,TE62,TE,CIN,1339,22.5,Yes,TE61,1191,,0
Marcus Mariota,QB47,QB,WAS,1333,32.9,No,QB41,2179.99,,0
Marquise Brown,WR155,WR,PHI,1329,29.3,No,WR154,1081,,0
Mitchell Evans,TE63,TE,CAR,1328,23.5,No,TE63,1121,,0
Greg Dortch,WR156,WR,BUF,1327,28.4,No,WR153,1093,,0
Jonnu Smith,TE64,TE,GBP,1321,31.1,No,TE65,1070,,0
Quinn Ewers,QB48,QB,JAC,1302,23.4,No,QB55,1315,,0
Sam Roush,TE65,TE,CHI,1299,23.1,Yes,TE64,1113.99,,0
Garrett Nussmeier,QB49,QB,KCC,1265,24.6,Yes,QB54,1375,,0
Demarcus Robinson,WR157,WR,SFO,1254,32.0,No,WR158,1062,,0
Elijah Moore,WR158,WR,PHI,1253,26.5,No,WR161,1010,,0
Calvin Austin III,WR159,WR,NYG,1249,27.5,No,WR156,1067,,0
Michael Trigg,TE66,TE,DAL,1241,24.3,Yes,TE66,1066.99,,0
KaVontae Turpin,WR160,WR,DAL,1239,30.2,No,WR162,1000,,0
Jalin Hyatt,WR161,WR,NYG,1230,25.0,No,WR163,992,,0
Tyler Badie,RB105,RB,DEN,1197,26.6,No,RB105,1015,,0
Elijah Higgins,TE67,TE,ARI,1196,25.9,No,TE71,893,,0
Darius Slayton,WR162,WR,IND,1191,29.7,No,WR160,1009.99,,0
Cody White,WR163,WR,LVR,1161,27.8,No,WR159,1027,,0
Tyler Goodson,RB106,RB,DAL,1150,25.9,No,RB106,1006,,0
Javon Baker,WR164,WR,SFO,1139,24.6,No,WR164,969,,0
Davis Allen,TE68,TE,LAR,1136,25.7,No,TE70,904,,0
David Bell,WR165,WR,CLE,1119,25.8,No,WR167,872,,0
Tanner Koziol,TE69,TE,JAC,1118,23.7,Yes,TE67,1021,,0
Efton Chism,WR166,WR,NEP,1114,24.9,No,WR168,860,,0
Xavier Restrepo,WR167,WR,TEN,1113,24.5,No,WR166,879,,0
Luke Schoonmaker,TE70,TE,DAL,1105,28.0,No,TE69,908,,0
Gabriel Davis,WR168,WR,BUF,1087,27.5,No,WR165,895,,0
Will Kacmarek,TE71,TE,MIA,1084,23.6,Yes,TE68,958,,0
Deshaun Watson,QB50,QB,CLE,1080,31.0,No,QB32,2592,,0
Frank Gore Jr.,RB107,RB,BUF,1075,24.6,No,RB110,862,,0
Kalel Mullings,RB108,RB,TEN,1074,24.0,No,RB108,901,,0
Riley Leonard,QB51,QB,IND,1063,24.0,No,QB57,1287,,0
Tyson Bagent,QB52,QB,CHI,1061,26.3,No,QB44,1964,,0
AJ Dillon,RB109,RB,CAR,1044,28.4,No,RB107,946,,0
Bam Knight,RB110,RB,ARI,1043.99,25.5,No,RB113,810,,0
Jerome Ford,RB111,RB,MIN,1043,27.0,No,RB111,841,,0
Arian Smith,WR169,WR,NYJ,1026,25.0,No,WR170,794,,0
Austin Ekeler,RB112,RB,WAS,1006,31.4,No,RB109,888,,0
Spencer Rattler,QB53,QB,NOS,993,26.0,No,QB59,1161,,0
Carson Wentz,QB54,QB,MIN,992,33.8,No,QB49,1682,,0
Kendall Milton,RB113,RB,CIN,986,24.6,No,RB112,830,,0
Bo Melton,WR170,WR,GBP,985,27.4,No,WR171,793,,0
Israel Abanikanda,RB114,RB,DAL,978,24.0,No,RB115,797,,0
Xavier Gipson,WR171,WR,PHI,973,25.6,No,WR172,773,,0
Dillon Gabriel,QB55,QB,CLE,967,25.8,No,QB58,1162,,0
Brevin Jordan,TE72,TE,HOU,966.99,26.2,No,TE72,799,,0
Phil Mafah,RB115,RB,NYG,963,23.9,No,RB116,787,,0
Mason Tipton,WR172,WR,NOS,958,26.0,No,WR169,803,,0
Dameon Pierce,RB116,RB,PHI,956,26.6,No,RB114,798,,0
Michael Carter,RB117,RB,TEN,939,27.4,No,RB119,760,,0
Le'Veon Moss,RB118,RB,MIA,927,23.9,Yes,RB118,781,,0
Nick Westbrook-Ikhine,WR173,WR,IND,920,29.5,No,WR173,762,,0
Drew Lock,QB56,QB,SEA,909,29.9,No,QB40,2186.99,,0
Dohnte Meyers,WR174,WR,CIN,902,26.2,No,WR174,714,,0
Jared Wiley,TE73,TE,KCC,882,25.9,No,TE73,786,,0
Reggie Virgil,WR175,WR,ARI,867,22.4,Yes,WR175,708,,0
Khalil Herbert,RB119,RB,ATL,858,28.4,No,RB117,780.99,,0
Brock Wright,TE74,TE,DET,853,27.8,No,TE74,775,,0
LaJohntay Wester,WR176,WR,BAL,786,24.5,No,WR179,502,,0
Jeremy Ruckert,TE75,TE,NYJ,783,26.1,No,TE75,639,,0
Jake Bobo,WR177,WR,SEA,782.99,28.2,No,WR178,530,,0
Isaiah Hodgins,WR178,WR,PIT,754,28.0,No,WR176,591,,0
Johnny Wilson,WR179,WR,PHI,747,25.5,No,WR181,475,,0
Lil'Jordan Humphrey,WR180,WR,DEN,739,28.4,No,WR177,549,,0
Tyrell Shavers,WR181,WR,BUF,726,27.1,No,WR184,468,,0
Foster Moreau,TE76,TE,HOU,719,29.4,No,TE76,590.99,,0
Dylan Laube,RB121,RB,LVR,707,26.8,No,RB120,499,,0
Derius Davis,WR182,WR,LAC,672,26.1,No,WR183,471,,0
Julius Chestnut,RB122,RB,TEN,658,25.9,No,RB122,470,,0
Sincere McCormick,RB125,RB,SFO,603,26.1,No,RB124,458,,0
Tyler Johnson,WR184,WR,NYJ,602,28.1,No,WR180,487,,0
Travis Homer,RB126,RB,PIT,592,28.2,No,RB121,478,,0
Brandin Cooks,WR185,WR,SFO,577,33.0,No,WR182,470.99,,0
Tyler Huntley,QB57,QB,BAL,565,28.7,No,QB60,1105,,0
Sterling Shepard,WR190,WR,NYJ,557,33.6,No,WR187,457,,0
Tyler Scott,WR191,WR,LVR,556,25.0,No,WR185,465,,0
Sam Howell,QB58,QB,DAL,553,26.0,No,QB65,825,,0
Joe Flacco,QB60,QB,CIN,551,41.7,No,QB70,659,,0
Luke Altmyer,QB61,QB,DET,550.99,24.0,Yes,QB73,464.99,,0
Trey Lance,QB62,QB,LAC,550,26.4,No,QB67,809.99,,0
Hunter Long,TE80,TE,ARI,549.99,28.1,No,TE77,469,,0
Jamari Thrash,WR193,WR,FA,549.98,25.8,No,WR186,457.99,,0
Kenny Pickett,QB65,QB,CAR,549,28.3,No,QB69,696,,0
Zavier Scott,RB141,RB,CHI,548.99,27.2,No,RB123,464.98,,0
Trayveon Williams,RB138,RB,FA,548.98,29.0,No,RB125,456.99,,0
Will Levis,QB66,QB,NYJ,537,27.3,No,QB71,570,,0
Tim Patrick,WR210,WR,NYJ,527,32.9,No,WR188,454,,0
Tanner McKee,QB67,QB,PHI,477,26.4,No,QB63,878,,0
Mason Rudolph,QB68,QB,PIT,428,31.2,No,QB74,453.99,,0
Gardner Minshew,QB69,QB,ARI,410,30.4,No,QB66,819,,0
Jack Strand,QB78,QB,ATL,358,22.3,Yes,QB56,1300,,0
Davis Mills,QB79,QB,HOU,303,28.0,No,QB61,1091,,0
Drew Allar,QB81,QB,PIT,294,22.6,Yes,QB35,2389,,0
Kyle McCord,QB83,QB,MIA,285,24.0,No,QB68,763,,0
Case Keenum,QB85,QB,CHI,263,38.6,No,QB62,920,,0
Stetson Bennett,QB86,QB,LAR,262.99,28.9,No,QB64,835,,0
Taylen Green,QB100,QB,CLE,222,24.0,Yes,QB52,1496,,0
Cole Payton,QB104,QB,PHI,199,23.9,Yes,QB72,520,,0
